id,ho_ten,chuc_danh,email,sdt,link_anh,loi_chuc,link_thiep
chi_nga,Nguyen Thị Thuý Nga,Ban Tài chính - Kế toán,lan.nt@company.com,0901234001,https://drive.google.com/file/d/1YWp42SWgpEiiz9uFwYYrLjYatsIcoo7t/view?usp=sharing,"Anh em ban TCKT chúc chị Nga ngày 20/10 thật hạnh phúc, luôn sắc sảo, tự tin và giữ vững nụ cười tươi tắn trên môi mỗi ngày!",https://20-10-demo-fawn.vercel.app/?id=chi_nga
em_mai,Trần Phương Mai,Marketing Specialist,mai.tp@company.com,0901234002,https://images.unsplash.com/photo-1580489944761-15a19d654956?auto=format&fit=crop&w=400&q=80,"Chúc em Mai 20/10 luôn tràn đầy nhiệt huyết, ý tưởng sáng tạo không giới hạn và nhận được thật nhiều hoa cùng quà nhé! Cảm ơn em vì luôn mang lại năng lượng tích cực cho cả team!",https://20-10-demo-fawn.vercel.app/?id=em_mai
chi_huong,Lê Thu Hương,Senior Developer,huong.lt@company.com,0901234003,https://images.unsplash.com/photo-1534528741775-53994a69daeb?auto=format&fit=crop&w=400&q=80,"Chúc chị Hương 20/10 ngập tràn niềm vui, code mượt mà không một lỗi bug, dự án release thắng lợi và luôn giữ nét tươi trẻ, duyên dáng của nữ IT nhé!",https://20-10-demo-fawn.vercel.app/?id=chi_huong
ban_ngoc,Phạm Bích Ngọc,HR Generalist,ngoc.pb@company.com,0901234004,https://images.unsplash.com/photo-1517841905240-472988babdf9?auto=format&fit=crop&w=400&q=80,"Chúc Bích Ngọc 20/10 thật hạnh phúc, luôn tươi tắn và giữ trọn sự chu đáo, gắn kết tuyệt vời cho đại gia đình văn phòng chúng ta nhé!",https://20-10-demo-fawn.vercel.app/?id=ban_ngoc
chi_thao,Hoàng Thu Thảo,Giám đốc Vận hành (COO),thao.ht@company.com,0901234005,https://images.unsplash.com/photo-1573497019940-1c28c88b4f3e?auto=format&fit=crop&w=400&q=80,"Chúc chị Thảo ngày 20/10 thật nhiều niềm vui, luôn bản lĩnh, tỏa sáng và dẫn dắt tập thể gặt hái thêm nhiều thành công rực rỡ hơn nữa ạ!",https://20-10-demo-fawn.vercel.app/?id=chi_thao
em_linh,Vũ Mỹ Linh,UI/UX Designer,linh.vm@company.com,0901234006,https://images.unsplash.com/photo-1494790108377-be9c29b29330?auto=format&fit=crop&w=400&q=80,"Chúc Mỹ Linh 20/10 thật nhiều cảm hứng nghệ thuật, vẽ nên những layout triệu like và luôn xinh xắn, ngọt ngào như hiện tại nhé!",https://20-10-demo-fawn.vercel.app/?id=em_linh
chi_ha,Đặng Thanh Hà,Trưởng phòng Kinh doanh,ha.dt@company.com,0901234007,https://images.unsplash.com/photo-1508214751196-bcfd4ca60f91?auto=format&fit=crop&w=400&q=80,"Chúc chị Hà ngày 20/10 ngập tràn sắc hoa, doanh số tháng nào cũng bùng nổ vượt KPI và cuộc sống luôn trọn vẹn yêu thương!",https://20-10-demo-fawn.vercel.app/?id=chi_ha
ban_trang,Bùi Quỳnh Trang,Content Creator,trang.bq@company.com,0901234008,https://images.unsplash.com/photo-1524504388940-b1c1722653e1?auto=format&fit=crop&w=400&q=80,"Chúc Quỳnh Trang 20/10 luôn tràn đầy năng lượng tươi mới, viết đâu viral đó và nhận được cơn mưa quà tặng từ những người thương yêu!",https://20-10-demo-fawn.vercel.app/?id=ban_trang
chi_yen,Ngô Hải Yến,QA / Tester Lead,yen.nh@company.com,0901234009,https://images.unsplash.com/photo-1544005313-94ddf0286df2?auto=format&fit=crop&w=400&q=80,"Chúc chị Yến ngày 20/10 thật nhiều tiếng cười, công việc suôn sẻ, cuộc sống bình an và luôn giữ nét dịu dàng, chu đáo vốn có!",https://20-10-demo-fawn.vercel.app/?id=chi_yen
em_anh,Dương Ngọc Ánh,Frontend Developer,anh.dn@company.com,0901234010,https://images.unsplash.com/photo-1517841905240-472988babdf9?auto=format&fit=crop&w=400&q=80,"Chúc Ngọc Ánh 20/10 luôn đáng yêu, pixel-perfect mọi giao diện và luôn nhận được sự cưng chiều hết mực từ người ấy nhé!",https://20-10-demo-fawn.vercel.app/?id=em_anh
chi_dung,Phan Thùy Dung,Phó phòng Kế toán,dung.pt@company.com,0901234011,https://images.unsplash.com/photo-1567532939604-b6b5b0db2604?auto=format&fit=crop&w=400&q=80,"Chúc chị Dung ngày 20/10 thật thư thái, nhận được nhiều lời chúc tốt đẹp nhất và luôn tươi vui, hạnh phúc bên gia đình nhỏ!",https://20-10-demo-fawn.vercel.app/?id=chi_dung
ban_hien,Tạ Thu Hiền,Chuyên viên Tuyển dụng,hien.tt@company.com,0901234012,https://images.unsplash.com/photo-1529626455594-4ff0802cfb7e?auto=format&fit=crop&w=400&q=80,"Chúc Thu Hiền 20/10 luôn xinh tươi, tuyển đâu trúng đó, nhân tài về nườm nượp và luôn rạng ngời sức trẻ nhé!",https://20-10-demo-fawn.vercel.app/?id=ban_hien
chi_van,Lý Thanh Vân,Trưởng nhóm CSKH,van.lt@company.com,0901234013,https://images.unsplash.com/photo-1573496359142-b8d87734a5a2?auto=format&fit=crop&w=400&q=80,"Chúc chị Vân 20/10 nhận trọn 5 sao yêu thương từ khách hàng và cả văn phòng, luôn giữ chất giọng ngọt ngào và nụ cười ấm áp!",https://20-10-demo-fawn.vercel.app/?id=chi_van
em_nhung,Trịnh Hồng Nhung,Account Executive,nhung.th@company.com,0901234014,https://images.unsplash.com/photo-1494790108377-be9c29b29330?auto=format&fit=crop&w=400&q=80,"Chúc Hồng Nhung 20/10 luôn duyên dáng, chốt hợp đồng liền tay và luôn là bông hoa ngát hương rực rỡ của phòng Account!",https://20-10-demo-fawn.vercel.app/?id=em_nhung
chi_oanh,Đỗ Kim Oanh,Product Owner,oanh.dk@company.com,0901234015,https://images.unsplash.com/photo-1508214751196-bcfd4ca60f91?auto=format&fit=crop&w=400&q=80,"Chúc chị Oanh ngày 20/10 ngập tràn niềm vui, tính năng ra mắt người dùng mê mẩn và mọi điều ước đều thành hiện thực ạ!",https://20-10-demo-fawn.vercel.app/?id=chi_oanh
ban_giang,Hoàng Hương Giang,Data Analyst,giang.hh@company.com,0901234016,https://images.unsplash.com/photo-1534528741775-53994a69daeb?auto=format&fit=crop&w=400&q=80,"Chúc Hương Giang 20/10 thật hạnh phúc, biểu đồ sự nghiệp và tình duyên đều tăng trưởng dốc đứng theo cấp số nhân nhé!",https://20-10-demo-fawn.vercel.app/?id=ban_giang
chi_quyen,Vũ Lệ Quyên,Hành chính Nhân sự,quyen.vl@company.com,0901234017,https://images.unsplash.com/photo-1544005313-94ddf0286df2?auto=format&fit=crop&w=400&q=80,"Chúc chị Quyên 20/10 luôn dịu dàng, an yên, văn phòng lúc nào cũng ấm áp nhờ bàn tay chăm chút chu đáo của chị ạ!",https://20-10-demo-fawn.vercel.app/?id=chi_quyen
em_tram,Nguyễn Bảo Trâm,Graphic Designer,tram.nb@company.com,0901234018,https://images.unsplash.com/photo-1517841905240-472988babdf9?auto=format&fit=crop&w=400&q=80,"Chúc Bảo Trâm 20/10 nhận được cơn mưa quà tặng, phong cách luôn dẫn đầu xu hướng và cuộc sống ngập tràn màu sắc rực rỡ!",https://20-10-demo-fawn.vercel.app/?id=em_tram
chi_thuy,Đoàn Thanh Thủy,Scrum Master,thuy.dt@company.com,0901234019,https://images.unsplash.com/photo-1573497019940-1c28c88b4f3e?auto=format&fit=crop&w=400&q=80,"Chúc chị Thủy ngày 20/10 ngập tràn năng lượng tích cực, sprint nào cũng về đích êm đềm và cuộc sống viên mãn như ý!",https://20-10-demo-fawn.vercel.app/?id=chi_thuy
ban_quynh,Lê Diễm Quỳnh,SEO Specialist,quynh.ld@company.com,0901234020,https://images.unsplash.com/photo-1524504388940-b1c1722653e1?auto=format&fit=crop&w=400&q=80,"Chúc Diễm Quỳnh 20/10 luôn giữ vị trí Top 1 Trending trong mắt những người yêu thương, trẻ trung và nhiều niềm vui!",https://20-10-demo-fawn.vercel.app/?id=ban_quynh
chi_loan,Phạm Bích Loan,Chuyên viên Pháp lý,loan.pb@company.com,0901234021,https://images.unsplash.com/photo-1567532939604-b6b5b0db2604?auto=format&fit=crop&w=400&q=80,"Chúc chị Loan ngày 20/10 thật hạnh phúc, luôn sắc sảo, tự tin và giữ vững nụ cười tươi tắn trên môi mỗi ngày!",https://20-10-demo-fawn.vercel.app/?id=chi_loan
em_phuong,Hà Mai Phương,Social Media Executive,phuong.hm@company.com,0901234022,https://images.unsplash.com/photo-1580489944761-15a19d654956?auto=format&fit=crop&w=400&q=80,"Chúc Mai Phương 20/10 nhận được hàng ngàn lượt tim, xinh lung linh không cần filter và luôn là cây hài đáng yêu của công ty!",https://20-10-demo-fawn.vercel.app/?id=em_phuong
truong_thuy_nga,Trương Thúy Nga,Backend Developer,nga.tt@company.com,0901234023,https://images.unsplash.com/photo-1573496359142-b8d87734a5a2?auto=format&fit=crop&w=400&q=80,"Chúc chị Nga ngày 20/10 tràn đầy niềm vui, hệ thống luôn ổn định 99.999% uptime và cuộc sống ngọt ngào như mong đợi!",https://20-10-demo-fawn.vercel.app/?id=truong_thuy_nga
ban_uyen,Lâm Mỹ Uyên,Chăm sóc khách hàng VIP,uyen.lm@company.com,0901234024,https://images.unsplash.com/photo-1529626455594-4ff0802cfb7e?auto=format&fit=crop&w=400&q=80,"Chúc Mỹ Uyên ngày 20/10 ngập tràn hoa tươi, luôn giữ được sự khéo léo, tinh tế và duyên dáng đốn tim mọi ánh nhìn!",https://20-10-demo-fawn.vercel.app/?id=ban_uyen
chi_hue,Cao Thị Huệ,Kiểm toán nội bộ,hue.ct@company.com,0901234025,https://images.unsplash.com/photo-1508214751196-bcfd4ca60f91?auto=format&fit=crop&w=400&q=80,"Chúc chị Huệ 20/10 thật nhiều niềm vui, luôn sắc bén và rạng rỡ, gia đình hạnh phúc ấm áp và vạn sự cát tường!",https://20-10-demo-fawn.vercel.app/?id=chi_hue
em_khanh,Nguyễn Ngọc Khánh,Video Editor,khanh.nn@company.com,0901234026,https://images.unsplash.com/photo-1494790108377-be9c29b29330?auto=format&fit=crop&w=400&q=80,"Chúc Ngọc Khánh 20/10 luôn tràn trề ý tưởng, render nhanh như chớp và cuộc sống có những thước phim tuyệt đẹp nhất!",https://20-10-demo-fawn.vercel.app/?id=em_khanh
chi_tuyet,Võ Ánh Tuyết,Senior System Admin,tuyet.va@company.com,0901234027,https://images.unsplash.com/photo-1534528741775-53994a69daeb?auto=format&fit=crop&w=400&q=80,"Chúc chị Tuyết ngày 20/10 ấm áp, server mát rượi, cuộc sống tràn ngập niềm vui và luôn là chỗ dựa vững chãi cho hạ tầng công ty!",https://20-10-demo-fawn.vercel.app/?id=chi_tuyet
ban_thao,Đinh Phương Thảo,Chuyên viên Đào tạo (L&D),thao.dp@company.com,0901234028,https://images.unsplash.com/photo-1517841905240-472988babdf9?auto=format&fit=crop&w=400&q=80,"Chúc Phương Thảo 20/10 nhận được thật nhiều hoa thơm, luôn truyền cảm hứng tích cực và rạng ngời như ánh ban mai!",https://20-10-demo-fawn.vercel.app/?id=ban_thao
chi_hien,Lương Thu Hiền,Giám đốc Marketing (CMO),hien.lt@company.com,0901234029,https://images.unsplash.com/photo-1573497019940-1c28c88b4f3e?auto=format&fit=crop&w=400&q=80,"Chúc sếp Hiền ngày 20/10 thật nhiều sức khỏe, luôn tỏa sáng với thần thái đỉnh cao và đưa thương hiệu công ty vươn xa hơn nữa!",https://20-10-demo-fawn.vercel.app/?id=chi_hien
em_ly,Trần Khánh Ly,Thực tập sinh Marketing,ly.tk@company.com,0901234030,https://images.unsplash.com/photo-1524504388940-b1c1722653e1?auto=format&fit=crop&w=400&q=80,"Chúc Khánh Ly ngày 20/10 đầu tiên tại công ty thật đáng nhớ, học hỏi được nhiều điều hay và luôn giữ trọn ngọn lửa nhiệt huyết nhé!",https://20-10-demo-fawn.vercel.app/?id=em_ly
