STT,Email,Ho_Va_Ten,Danh_Xung,Ten,Chuc_Danh,Link_Thiep,Loi_Chuc,Tieu_De_Email,Thoi_Gian,Dia_Diem,Dress_Code
1,ngantt16@viettel.com.vn,Nguyễn Thị Thuý Nga,Chị,Nga,Phòng Chính sách và Thuế,https://20-10-demo-fawn.vercel.app/?id=chi_thuy_nga,"Nhân ngày 20/10, chúc chị Thúy Nga luôn xinh đẹp, rạng rỡ, nhiều sức khỏe và hạnh phúc! Chúc chị công tác tại Phòng Chính sách và Thuế luôn hanh thông, chính sách vẹn toàn và giữ trọn nụ cười tươi tắn mỗi ngày!",🌸 [Thư Mời 20/10] Món quà đặc biệt gửi tới Chị Nga,"18:30 - Thứ Ba, ngày 20/10/2026","Nhà hàng Maison Sen Buffet - 61 Trần Hưng Đạo, Hoàn Kiếm, Hà Nội",Hồng Pastel / Trắng
2,linhnt@viettel.com.vn,Nguyễn Thúy Linh,Chị,Linh,Lãnh đạo ban,https://20-10-demo-fawn.vercel.app/?id=chi_thuy_linh,"Nhân ngày Phụ nữ Việt Nam 20/10, kính chúc sếp Thúy Linh luôn dồi dào sức khỏe, xinh đẹp, hạnh phúc và tràn đầy nhiệt huyết! Chúc sếp luôn vững vàng tay chèo, dẫn dắt Ban Tài chính gặt hái thêm nhiều thành công rực rỡ và luôn là nguồn cảm hứng tuyệt vời cho toàn thể anh chị em!",🌸 [Thư Mời 20/10] Món quà đặc biệt gửi tới Chị Linh,"18:30 - Thứ Ba, ngày 20/10/2026","Nhà hàng Maison Sen Buffet - 61 Trần Hưng Đạo, Hoàn Kiếm, Hà Nội",Hồng Pastel / Trắng
3,hangdta@viettel.com.vn,Đỗ Thị Thu Hằng,Chị,Hằng,Phòng Quản lý Dòng tiền và Thanh khoản,https://20-10-demo-fawn.vercel.app/?id=chi_thu_hang,"Chúc chị Thu Hằng ngày 20/10 ngập tràn niềm vui, hoa và quà! Chúc chị công việc tại Phòng Dòng tiền & Thanh khoản luôn thuận buồm xuôi gió, dòng tiền hanh thông, thanh khoản vững vàng và cuộc sống luôn viên mãn, an yên!",🌸 [Thư Mời 20/10] Món quà đặc biệt gửi tới Chị Hằng,"18:30 - Thứ Ba, ngày 20/10/2026","Nhà hàng Maison Sen Buffet - 61 Trần Hưng Đạo, Hoàn Kiếm, Hà Nội",Hồng Pastel / Trắng
4,hongnm@viettel.com.vn,Nguyễn Thị Minh Hồng,Chị,Hồng,Phòng Quản lý Dòng tiền và Thanh khoản,https://20-10-demo-fawn.vercel.app/?id=chi_minh_hong,"Nhân ngày 20/10, chúc chị Minh Hồng luôn tươi trẻ, duyên dáng và ngập tràn hạnh phúc! Chúc chị luôn hoàn thành xuất sắc mọi nhiệm vụ tại Phòng Dòng tiền & Thanh khoản, gia đình luôn ấm êm và ngập tràn tiếng cười!",🌸 [Thư Mời 20/10] Món quà đặc biệt gửi tới Chị Hồng,"18:30 - Thứ Ba, ngày 20/10/2026","Nhà hàng Maison Sen Buffet - 61 Trần Hưng Đạo, Hoàn Kiếm, Hà Nội",Hồng Pastel / Trắng
5,huongtt11@viettel.com.vn,Trần Thanh Hương,Chị,Hương,Phòng Quản lý Dòng tiền và Thanh khoản,https://20-10-demo-fawn.vercel.app/?id=chi_thanh_huong,"Chúc chị Thanh Hương một ngày 20/10 thật ngọt ngào, nhận được nhiều tình cảm yêu thương nhất! Chúc chị luôn giữ vững sự tinh tế, chu đáo trong công tác quản lý dòng tiền và mỗi ngày đi làm đều là một ngày ngập tràn niềm vui!",🌸 [Thư Mời 20/10] Món quà đặc biệt gửi tới Chị Hương,"18:30 - Thứ Ba, ngày 20/10/2026","Nhà hàng Maison Sen Buffet - 61 Trần Hưng Đạo, Hoàn Kiếm, Hà Nội",Hồng Pastel / Trắng
6,loanch@viettel.com.vn,Chu Thị Hồ Loan,Chị,Loan,Phòng Kế hoạch và Ngân sách,https://20-10-demo-fawn.vercel.app/?id=chi_ho_loan,"Chúc chị Hồ Loan 20/10 ngập tràn sắc hoa, luôn xinh đẹp và rạng rỡ! Chúc chị công tác tại Phòng Kế hoạch & Ngân sách luôn chuẩn chỉnh từng số liệu, ngân sách tối ưu và cuộc sống luôn trọn vẹn yêu thương!",🌸 [Thư Mời 20/10] Món quà đặc biệt gửi tới Chị Loan,"18:30 - Thứ Ba, ngày 20/10/2026","Nhà hàng Maison Sen Buffet - 61 Trần Hưng Đạo, Hoàn Kiếm, Hà Nội",Hồng Pastel / Trắng
7,thuhm@viettel.com.vn,Hoàng Minh Thu,Chị,Thu,Phòng Kế hoạch và Ngân sách,https://20-10-demo-fawn.vercel.app/?id=chi_minh_thu,"Nhân ngày 20/10, chúc chị Minh Thu luôn tươi tắn, nhiều sức khỏe và may mắn! Chúc chị trong công việc kế hoạch ngân sách luôn hanh thông, hoàn thành xuất sắc mọi mục tiêu và luôn là đóa hoa rạng ngời của phòng!",🌸 [Thư Mời 20/10] Món quà đặc biệt gửi tới Chị Thu,"18:30 - Thứ Ba, ngày 20/10/2026","Nhà hàng Maison Sen Buffet - 61 Trần Hưng Đạo, Hoàn Kiếm, Hà Nội",Hồng Pastel / Trắng
8,hoadtq1@viettel.com.vn,Đinh Thị Quỳnh Hoa,Chị,Hoa,Phòng Kế hoạch và Ngân sách,https://20-10-demo-fawn.vercel.app/?id=chi_quynh_hoa,"Chúc chị Quỳnh Hoa ngày 20/10 thật nhiều niềm vui, luôn trẻ trung, ngọt ngào và hạnh phúc! Chúc chị kế hoạch ngân sách luôn chuẩn xác, công việc thuận lợi và nhận được cơn mưa quà tặng hôm nay nhé!",🌸 [Thư Mời 20/10] Món quà đặc biệt gửi tới Chị Hoa,"18:30 - Thứ Ba, ngày 20/10/2026","Nhà hàng Maison Sen Buffet - 61 Trần Hưng Đạo, Hoàn Kiếm, Hà Nội",Hồng Pastel / Trắng
9,mainh1@viettel.com.vn,Nguyễn Hương Mai,Em,Mai,Phòng Kế hoạch và Ngân sách,https://20-10-demo-fawn.vercel.app/?id=em_huong_mai,"Chúc Hương Mai 20/10 luôn xinh xắn, tràn đầy năng lượng tích cực và nhiệt huyết tuổi trẻ! Chúc em trong công việc kế hoạch và ngân sách luôn sắc sảo, tự tin và gặt hái thật nhiều thành công mới!",🌸 [Thư Mời 20/10] Món quà đặc biệt gửi tới Em Mai,"18:30 - Thứ Ba, ngày 20/10/2026","Nhà hàng Maison Sen Buffet - 61 Trần Hưng Đạo, Hoàn Kiếm, Hà Nội",Hồng Pastel / Trắng
10,minhpth@viettel.com.vn,Phạm Thị Hồng Minh,Chị,Minh,Phòng Chính sách và Thuế,https://20-10-demo-fawn.vercel.app/?id=chi_hong_minh,"Chúc chị Hồng Minh ngày 20/10 ngập tràn niềm vui và sự ngọt ngào! Chúc chị công tác tại Phòng Chính sách và Thuế luôn suôn sẻ, chuẩn xác từng điều khoản chính sách và cuộc sống luôn an yên, viên mãn!",🌸 [Thư Mời 20/10] Món quà đặc biệt gửi tới Chị Minh,"18:30 - Thứ Ba, ngày 20/10/2026","Nhà hàng Maison Sen Buffet - 61 Trần Hưng Đạo, Hoàn Kiếm, Hà Nội",Hồng Pastel / Trắng
11,hangtt@viettel.com.vn,Trần Thu Hằng,Chị,Hằng,Phòng Chính sách và Thuế,https://20-10-demo-fawn.vercel.app/?id=chi_thu_hang_cst,"Nhân ngày 20/10, chúc chị Thu Hằng luôn xinh đẹp, duyên dáng và nhiều sức khỏe! Chúc chị cùng đồng đội Phòng Chính sách & Thuế luôn hoàn thành xuất sắc mọi nhiệm vụ và giữ mãi nụ cười rạng ngời trên môi!",🌸 [Thư Mời 20/10] Món quà đặc biệt gửi tới Chị Hằng,"18:30 - Thứ Ba, ngày 20/10/2026","Nhà hàng Maison Sen Buffet - 61 Trần Hưng Đạo, Hoàn Kiếm, Hà Nội",Hồng Pastel / Trắng
12,hoact1@viettel.com.vn,Cao Thanh Hoa,Chị,Hoa,Phòng Chính sách và Thuế,https://20-10-demo-fawn.vercel.app/?id=chi_thanh_hoa,"Chúc chị Thanh Hoa ngày 20/10 thật hạnh phúc, nhận được trọn vẹn yêu thương từ gia đình và đồng nghiệp! Chúc chị trong công việc chính sách & thuế luôn sắc bén, thuận lợi và vạn sự như ý!",🌸 [Thư Mời 20/10] Món quà đặc biệt gửi tới Chị Hoa,"18:30 - Thứ Ba, ngày 20/10/2026","Nhà hàng Maison Sen Buffet - 61 Trần Hưng Đạo, Hoàn Kiếm, Hà Nội",Hồng Pastel / Trắng
13,nhannth@viettel.com.vn,Nguyễn Thị Thanh Nhàn,Chị,Nhàn,Phòng Giám sát Tài chính,https://20-10-demo-fawn.vercel.app/?id=chi_thanh_nhan,"Chúc chị Thanh Nhàn ngày 20/10 luôn thư thái, an yên và ngập tràn tiếng cười! Chúc chị công tác tại Phòng Giám sát Tài chính luôn tinh anh, kiểm soát chuẩn chỉnh và cuộc sống lúc nào cũng thảnh thơi, viên mãn!",🌸 [Thư Mời 20/10] Món quà đặc biệt gửi tới Chị Nhàn,"18:30 - Thứ Ba, ngày 20/10/2026","Nhà hàng Maison Sen Buffet - 61 Trần Hưng Đạo, Hoàn Kiếm, Hà Nội",Hồng Pastel / Trắng
14,hanhpth1@viettel.com.vn,Phan Thị Hồng Hạnh,Chị,Hạnh,Phòng Quản lý Tài chính Dự án,https://20-10-demo-fawn.vercel.app/?id=chi_hong_hanh,"Chúc chị Hồng Hạnh 20/10 thật nhiều niềm vui, luôn rạng rỡ và bản lĩnh! Chúc chị quản lý tài chính các dự án luôn thắng lợi, giải ngân mượt mà và gia đình luôn tràn ngập hạnh phúc ấm áp!",🌸 [Thư Mời 20/10] Món quà đặc biệt gửi tới Chị Hạnh,"18:30 - Thứ Ba, ngày 20/10/2026","Nhà hàng Maison Sen Buffet - 61 Trần Hưng Đạo, Hoàn Kiếm, Hà Nội",Hồng Pastel / Trắng
15,hienhtt13@viettel.com.vn,Hoàng Thị Thu Hiền,Chị,Hiền,Phòng Giám sát Tài chính,https://20-10-demo-fawn.vercel.app/?id=chi_thu_hien,"Nhân ngày 20/10, chúc chị Thu Hiền luôn dịu dàng, xinh tươi và nhiều niềm vui! Chúc chị công việc giám sát tài chính luôn hanh thông, số liệu chuẩn xác và nhận được thật nhiều hoa cùng quà trong ngày đặc biệt này!",🌸 [Thư Mời 20/10] Món quà đặc biệt gửi tới Chị Hiền,"18:30 - Thứ Ba, ngày 20/10/2026","Nhà hàng Maison Sen Buffet - 61 Trần Hưng Đạo, Hoàn Kiếm, Hà Nội",Hồng Pastel / Trắng
16,vannt25@viettel.com.vn,Nguyễn Thị Vân,Chị,Vân,Phòng Quản lý Dòng tiền và Thanh khoản,https://20-10-demo-fawn.vercel.app/?id=chi_thanh_van,"Chúc chị Vân ngày 20/10 thật nhiều may mắn, xinh đẹp và luôn giữ nét tươi trẻ! Chúc chị tại Phòng Quản lý Dòng tiền & Thanh khoản luôn mượt mà mọi giao dịch, thanh khoản dồi dào và cuộc sống đong đầy yêu thương!",🌸 [Thư Mời 20/10] Món quà đặc biệt gửi tới Chị Vân,"18:30 - Thứ Ba, ngày 20/10/2026","Nhà hàng Maison Sen Buffet - 61 Trần Hưng Đạo, Hoàn Kiếm, Hà Nội",Hồng Pastel / Trắng
17,anhnl@viettel.com.vn,Nguyễn Lan Anh,Em,Anh,Phòng Chính sách và Thuế,https://20-10-demo-fawn.vercel.app/?id=em_lan_anh,"Chúc Lan Anh 20/10 luôn xinh xắn, đáng yêu và ngập tràn năng lượng tươi vui! Chúc em công việc chính sách thuế luôn thuận lợi, học hỏi thêm nhiều điều hay và đón nhận cơn mưa lời chúc ngọt ngào hôm nay nhé!",🌸 [Thư Mời 20/10] Món quà đặc biệt gửi tới Em Anh,"18:30 - Thứ Ba, ngày 20/10/2026","Nhà hàng Maison Sen Buffet - 61 Trần Hưng Đạo, Hoàn Kiếm, Hà Nội",Hồng Pastel / Trắng
18,hattt6@viettel.com.vn,Trương Thị Thanh Hà,Chị,Hà,Phòng Chính sách và Thuế,https://20-10-demo-fawn.vercel.app/?id=chi_thanh_ha,"Chúc chị Thanh Hà một ngày 20/10 ngập tràn sắc hoa và nụ cười rạng rỡ! Chúc chị công tác tại Phòng Chính sách & Thuế luôn suôn sẻ, hoàn thành xuất sắc mọi mục tiêu và gia đình luôn trọn vẹn hạnh phúc!",🌸 [Thư Mời 20/10] Món quà đặc biệt gửi tới Chị Hà,"18:30 - Thứ Ba, ngày 20/10/2026","Nhà hàng Maison Sen Buffet - 61 Trần Hưng Đạo, Hoàn Kiếm, Hà Nội",Hồng Pastel / Trắng
19,hant51@viettel.com.vn,Nguyễn Thu Hà,Chị,Hà,Phòng Quản lý Dòng tiền và Thanh khoản,https://20-10-demo-fawn.vercel.app/?id=chi_thu_ha,"Chúc chị Thu Hà ngày 20/10 thật hạnh phúc, trẻ trung và nhiều sức khỏe! Chúc chị cùng team Dòng tiền & Thanh khoản luôn vận hành trơn tru, dòng tiền sinh sôi và cuộc sống luôn ngập tràn may mắn!",🌸 [Thư Mời 20/10] Món quà đặc biệt gửi tới Chị Hà,"18:30 - Thứ Ba, ngày 20/10/2026","Nhà hàng Maison Sen Buffet - 61 Trần Hưng Đạo, Hoàn Kiếm, Hà Nội",Hồng Pastel / Trắng
20,trangtth2@viettel.com.vn,Trương Thị Huyền Trang,Em,Trang,Phòng Kế hoạch và Ngân sách,https://20-10-demo-fawn.vercel.app/?id=em_huyen_trang,"Chúc Huyền Trang 20/10 luôn rạng ngời, duyên dáng và đáng yêu! Chúc em công tác tại Phòng Kế hoạch & Ngân sách luôn chủ động, tự tin, số liệu cân đối và luôn nhận được sự yêu quý từ mọi người!",🌸 [Thư Mời 20/10] Món quà đặc biệt gửi tới Em Trang,"18:30 - Thứ Ba, ngày 20/10/2026","Nhà hàng Maison Sen Buffet - 61 Trần Hưng Đạo, Hoàn Kiếm, Hà Nội",Hồng Pastel / Trắng
21,linhlt49@viettel.com.vn,Lê Thùy Linh,Em,Linh,Phòng Giám sát Tài chính,https://20-10-demo-fawn.vercel.app/?id=em_thuy_linh,"Chúc Thùy Linh 20/10 ngập tràn niềm vui, xinh đẹp rạng rỡ và luôn tràn đầy năng lượng tích cực! Chúc em tại Phòng Giám sát Tài chính luôn tinh tế, nhạy bén và gặt hái thật nhiều bước tiến mới!",🌸 [Thư Mời 20/10] Món quà đặc biệt gửi tới Em Linh,"18:30 - Thứ Ba, ngày 20/10/2026","Nhà hàng Maison Sen Buffet - 61 Trần Hưng Đạo, Hoàn Kiếm, Hà Nội",Hồng Pastel / Trắng
22,huyennn11@viettel.com.vn,Nguyễn Ngọc Huyền,Em,Huyền,Phòng Giám sát Tài chính,https://20-10-demo-fawn.vercel.app/?id=em_ngoc_huyen,"Chúc Ngọc Huyền ngày 20/10 nhận được thật nhiều hoa, quà và những lời chúc yêu thương! Chúc em công việc giám sát tài chính luôn thuận buồm xuôi gió và giữ trọn nét trẻ trung, duyên dáng nhé!",🌸 [Thư Mời 20/10] Món quà đặc biệt gửi tới Em Huyền,"18:30 - Thứ Ba, ngày 20/10/2026","Nhà hàng Maison Sen Buffet - 61 Trần Hưng Đạo, Hoàn Kiếm, Hà Nội",Hồng Pastel / Trắng
23,hangnv@viettel.com.vn,Nguyễn Thị Việt Hằng,Chị,Hằng,Phòng Giám sát Tài chính,https://20-10-demo-fawn.vercel.app/?id=chi_viet_hang,"Nhân ngày 20/10, chúc chị Việt Hằng luôn tươi trẻ, yêu đời và hạnh phúc viên mãn! Chúc chị công tác tại Phòng Giám sát Tài chính luôn hoàn thành xuất sắc nhiệm vụ và mỗi ngày đều ngập tràn niềm vui, may mắn!",🌸 [Thư Mời 20/10] Món quà đặc biệt gửi tới Chị Hằng,"18:30 - Thứ Ba, ngày 20/10/2026","Nhà hàng Maison Sen Buffet - 61 Trần Hưng Đạo, Hoàn Kiếm, Hà Nội",Hồng Pastel / Trắng
