STT,ID,Ho_Va_Ten,Chuc_Danh,Email,SDT,Link_Thiep,Trang_Thai_Tham_Du,Loi_Nhan_Gui,Thoi_Gian_Xac_Nhan
1,chi_nga,Nguyen Thị Thuý Nga,Ban Tài chính - Kế toán,lan.nt@company.com,0901234001,https://20-10-demo-fawn.vercel.app/?id=chi_nga,Chưa phản hồi,,
2,em_mai,Trần Phương Mai,Marketing Specialist,mai.tp@company.com,0901234002,https://20-10-demo-fawn.vercel.app/?id=em_mai,Chưa phản hồi,,
3,chi_huong,Lê Thu Hương,Senior Developer,huong.lt@company.com,0901234003,https://20-10-demo-fawn.vercel.app/?id=chi_huong,Chưa phản hồi,,
4,ban_ngoc,Phạm Bích Ngọc,HR Generalist,ngoc.pb@company.com,0901234004,https://20-10-demo-fawn.vercel.app/?id=ban_ngoc,Chưa phản hồi,,
5,chi_thao,Hoàng Thu Thảo,Giám đốc Vận hành (COO),thao.ht@company.com,0901234005,https://20-10-demo-fawn.vercel.app/?id=chi_thao,Chưa phản hồi,,
6,em_linh,Vũ Mỹ Linh,UI/UX Designer,linh.vm@company.com,0901234006,https://20-10-demo-fawn.vercel.app/?id=em_linh,Chưa phản hồi,,
7,chi_ha,Đặng Thanh Hà,Trưởng phòng Kinh doanh,ha.dt@company.com,0901234007,https://20-10-demo-fawn.vercel.app/?id=chi_ha,Chưa phản hồi,,
8,ban_trang,Bùi Quỳnh Trang,Content Creator,trang.bq@company.com,0901234008,https://20-10-demo-fawn.vercel.app/?id=ban_trang,Chưa phản hồi,,
9,chi_yen,Ngô Hải Yến,QA / Tester Lead,yen.nh@company.com,0901234009,https://20-10-demo-fawn.vercel.app/?id=chi_yen,Chưa phản hồi,,
10,em_anh,Dương Ngọc Ánh,Frontend Developer,anh.dn@company.com,0901234010,https://20-10-demo-fawn.vercel.app/?id=em_anh,Chưa phản hồi,,
11,chi_dung,Phan Thùy Dung,Phó phòng Kế toán,dung.pt@company.com,0901234011,https://20-10-demo-fawn.vercel.app/?id=chi_dung,Chưa phản hồi,,
12,ban_hien,Tạ Thu Hiền,Chuyên viên Tuyển dụng,hien.tt@company.com,0901234012,https://20-10-demo-fawn.vercel.app/?id=ban_hien,Chưa phản hồi,,
13,chi_van,Lý Thanh Vân,Trưởng nhóm CSKH,van.lt@company.com,0901234013,https://20-10-demo-fawn.vercel.app/?id=chi_van,Chưa phản hồi,,
14,em_nhung,Trịnh Hồng Nhung,Account Executive,nhung.th@company.com,0901234014,https://20-10-demo-fawn.vercel.app/?id=em_nhung,Chưa phản hồi,,
15,chi_oanh,Đỗ Kim Oanh,Product Owner,oanh.dk@company.com,0901234015,https://20-10-demo-fawn.vercel.app/?id=chi_oanh,Chưa phản hồi,,
16,ban_giang,Hoàng Hương Giang,Data Analyst,giang.hh@company.com,0901234016,https://20-10-demo-fawn.vercel.app/?id=ban_giang,Chưa phản hồi,,
17,chi_quyen,Vũ Lệ Quyên,Hành chính Nhân sự,quyen.vl@company.com,0901234017,https://20-10-demo-fawn.vercel.app/?id=chi_quyen,Chưa phản hồi,,
18,em_tram,Nguyễn Bảo Trâm,Graphic Designer,tram.nb@company.com,0901234018,https://20-10-demo-fawn.vercel.app/?id=em_tram,Chưa phản hồi,,
19,chi_thuy,Đoàn Thanh Thủy,Scrum Master,thuy.dt@company.com,0901234019,https://20-10-demo-fawn.vercel.app/?id=chi_thuy,Chưa phản hồi,,
20,ban_quynh,Lê Diễm Quỳnh,SEO Specialist,quynh.ld@company.com,0901234020,https://20-10-demo-fawn.vercel.app/?id=ban_quynh,Chưa phản hồi,,
21,chi_loan,Phạm Bích Loan,Chuyên viên Pháp lý,loan.pb@company.com,0901234021,https://20-10-demo-fawn.vercel.app/?id=chi_loan,Chưa phản hồi,,
22,em_phuong,Hà Mai Phương,Social Media Executive,phuong.hm@company.com,0901234022,https://20-10-demo-fawn.vercel.app/?id=em_phuong,Chưa phản hồi,,
23,truong_thuy_nga,Trương Thúy Nga,Backend Developer,nga.tt@company.com,0901234023,https://20-10-demo-fawn.vercel.app/?id=truong_thuy_nga,Chưa phản hồi,,
24,ban_uyen,Lâm Mỹ Uyên,Chăm sóc khách hàng VIP,uyen.lm@company.com,0901234024,https://20-10-demo-fawn.vercel.app/?id=ban_uyen,Chưa phản hồi,,
25,chi_hue,Cao Thị Huệ,Kiểm toán nội bộ,hue.ct@company.com,0901234025,https://20-10-demo-fawn.vercel.app/?id=chi_hue,Chưa phản hồi,,
26,em_khanh,Nguyễn Ngọc Khánh,Video Editor,khanh.nn@company.com,0901234026,https://20-10-demo-fawn.vercel.app/?id=em_khanh,Chưa phản hồi,,
27,chi_tuyet,Võ Ánh Tuyết,Senior System Admin,tuyet.va@company.com,0901234027,https://20-10-demo-fawn.vercel.app/?id=chi_tuyet,Chưa phản hồi,,
28,ban_thao,Đinh Phương Thảo,Chuyên viên Đào tạo (L&D),thao.dp@company.com,0901234028,https://20-10-demo-fawn.vercel.app/?id=ban_thao,Chưa phản hồi,,
29,chi_hien,Lương Thu Hiền,Giám đốc Marketing (CMO),hien.lt@company.com,0901234029,https://20-10-demo-fawn.vercel.app/?id=chi_hien,Chưa phản hồi,,
30,em_ly,Trần Khánh Ly,Thực tập sinh Marketing,ly.tk@company.com,0901234030,https://20-10-demo-fawn.vercel.app/?id=em_ly,Chưa phản hồi,,
